,mean,median,min,max,std
all,3936.249534450652,4102.0,1252,7078,1600.055298487127
